code_wt,n_single,n_double,natural,cluster,quarantined,split
1A0N,2187,0,True,1A0N,True,quarantined
1A32,1195,0,True,1A32,False,train
1AOY,1287,0,True,1AOY,False,train
1BK2,1846,0,True,1A0N,True,quarantined
1CSQ,2520,0,True,1CSQ,True,quarantined
1E0L,618,485,True,1E0L,True,quarantined
1E6H,1087,341,True,1A0N,True,quarantined
1EM7,1986,0,True,1EM7,True,quarantined
1ENH,902,188,True,1ENH,False,train
1F0M,1238,799,True,1F0M,False,test
1GB4,2086,0,True,1EM7,True,quarantined
1GJS,812,0,True,1EM7,True,quarantined
1GL5,1072,3001,True,1A0N,True,quarantined
1GYZ,1121,379,True,1GYZ,False,test
1H8K,2965,372,True,1A0N,True,quarantined
1H92,983,1040,True,1A0N,True,quarantined
1I2T,1093,398,True,1I2T,False,test
1I6C,686,128,True,1E0L,True,quarantined
1IFY,798,248,True,1IFY,False,train
1JIC,1008,0,True,1JIC,True,quarantined
1K1V,760,743,True,1K1V,False,test
1LP1,1035,1187,True,1LP1,True,quarantined
1MJC,2545,0,True,1CSQ,True,quarantined
1O6X,1356,789,True,1O6X,True,quarantined
1OPS,2592,435,True,1OPS,True,quarantined
1ORC,1195,1200,True,1ORC,True,quarantined
1PGA,3931,0,True,1EM7,True,quarantined
1PGX,2151,0,True,1EM7,True,quarantined
1PSE,1213,399,True,1PSE,False,val
1PV0,834,2158,True,1PV0,False,test
1PWT,985,330,True,1A0N,True,quarantined
1QKH,1267,1122,True,1QKH,False,train
1QKX,956,290,True,1A0N,True,quarantined
1QLY,1060,768,True,1A0N,True,quarantined
1QP2,1078,3344,True,1PSE,False,val
1R69,1122,368,True,1R69,False,train
1S1N,2212,0,True,1A0N,True,quarantined
1SF0,1081,0,True,1SF0,True,quarantined
1SIF,2661,0,True,1SF0,True,quarantined
1SRM,1025,399,True,1A0N,True,quarantined
1TG0,1074,1094,True,1A0N,True,quarantined
1TUC,1039,262,True,1A0N,True,quarantined
1TUD,1045,2433,True,1A0N,True,quarantined
1UBQ,4036,0,True,1SF0,True,quarantined
1UCS,1131,0,True,1OPS,True,quarantined
1UFM,1353,2164,True,1UFM,False,val
1URF,1301,0,True,1URF,False,val
1UZC,1162,974,True,1UZC,True,quarantined
1V1C,1209,2208,True,1A0N,True,quarantined
1VII,633,122,True,1VII,True,quarantined
1W4F,655,73,True,1W4F,True,quarantined
1W4G,666,531,True,1W4F,True,quarantined
1W4H,797,1066,True,1W4F,True,quarantined
1WCL,1306,800,True,1WCL,False,val
1WR4,448,64,True,1E0L,True,quarantined
1Y0M,1091,3359,True,1A0N,True,quarantined
1YEZ,1114,0,True,1YEZ,False,train
1YP5,698,1384,True,1A0N,True,quarantined
1YRF,612,0,True,1VII,True,quarantined
1YU5,1201,1514,True,1VII,True,quarantined
1ZHC,1054,583,True,1ZHC,False,train
1ZLM,1028,1934,True,1A0N,True,quarantined
2AMI,1332,670,True,2AMI,True,quarantined
2B88,1000,0,True,1LP1,True,quarantined
2B89,965,0,True,1LP1,True,quarantined
2BTH,796,112,True,1W4F,True,quarantined
2BTT,942,2638,True,1A0N,True,quarantined
2CDT,930,698,True,1A0N,True,quarantined
2CJJ,763,216,True,2CJJ,False,test
2D1U,1212,744,True,2D1U,False,test
2EXD,1060,400,True,1YEZ,False,train
2GP8,723,0,True,2GP8,False,test
2HBB,781,715,True,2HBB,True,quarantined
2JN4,1067,1521,True,2JN4,False,test
2JT1,1264,400,True,2JT1,False,test
2JTV,1056,1471,True,2JTV,False,val
2JVD,702,1770,True,2JVD,False,test
2JVG,1025,0,True,2JVG,False,train
2JWS,902,0,True,1EM7,True,quarantined
2JWT,931,2338,True,1ENH,False,train
2JZ2,1025,765,True,1PSE,False,val
2K1B,929,1120,True,2K1B,False,train
2K28,915,1541,True,2K1B,False,train
2K2A,1141,1428,True,2AMI,True,quarantined
2K52,2684,0,True,1YEZ,False,train
2K5H,3420,0,True,1YEZ,False,train
2K5N,1236,1892,True,1CSQ,True,quarantined
2K5P,1209,800,True,2K5P,False,test
2K9D,823,390,True,2K9D,False,train
2KCF,633,71,True,1E0L,True,quarantined
2KCM,1197,1196,True,1CSQ,True,quarantined
2KFV,1237,0,True,2KFV,False,train
2KGT,1125,3997,True,1A0N,True,quarantined
2KR3,1089,0,True,1A0N,True,quarantined
2KRS,2376,0,True,2KRS,False,test
2KRU,890,758,True,2KRU,False,train
2KT8,2468,0,True,2KRS,False,test
2KVS,1202,1592,True,2KVS,False,test
2KVT,923,1090,True,2KVT,False,train
2KWH,975,395,True,2KWH,False,train
2KXD,1168,628,True,1A0N,True,quarantined
2KYB,2164,0,True,2KRS,False,test
2KZJ,931,0,True,1LP1,True,quarantined
2L09,910,1167,True,2KRU,False,train
2L2D,635,0,True,2L2D,False,train
2L2P,1024,393,True,1A0N,True,quarantined
2L33,1329,0,True,2L33,False,train
2L6Q,1040,0,True,2L6Q,False,train
2L7F,895,233,True,1ENH,False,train
2L7M,933,992,True,1ENH,False,train
2L9R,1149,1482,True,1ENH,False,train
2LC2,1204,400,True,2LC2,False,train
2LCL,968,396,True,1PSE,False,val
2LGW,1214,3455,True,2LGW,False,train
2LHC,629,0,True,1EM7,True,quarantined
2LHR,938,1117,True,2LHR,False,train
2LJ3,1004,218,True,1A0N,True,quarantined
2LO1,1215,1163,True,2LGW,False,train
2LP5,1072,399,True,1A0N,True,quarantined
2LQK,985,61,True,2LQK,False,train
2LSS,2436,0,True,1CSQ,True,quarantined
2LUM,952,132,True,1EM7,True,quarantined
2LVN,720,1130,True,2LVN,False,train
2LX2,716,0,True,1OPS,True,quarantined
2LXK,2484,0,True,1CSQ,True,quarantined
2LYP,2426,0,True,1R69,False,train
2LYQ,1175,0,True,1R69,False,train
2LYR,1177,0,True,1R69,False,train
2M0C,832,519,True,1ENH,False,train
2M0Y,1208,1886,True,1A0N,True,quarantined
2M2J,1346,2380,True,2M2J,False,train
2M2L,892,1860,True,2K1B,False,train
2M6Y,1068,0,True,2LGW,False,train
2M7O,1131,0,True,2M7O,False,train
2M8E,636,137,True,2M8E,False,train
2M8I,755,357,True,1E0L,True,quarantined
2M8J,775,0,True,1E0L,True,quarantined
2M8U,1273,400,True,2AMI,True,quarantined
2M9E,475,13,True,1E0L,True,quarantined
2M9F,592,71,True,1E0L,True,quarantined
2M9I,605,0,True,1E0L,True,quarantined
2MA4,1238,1666,True,2MA4,False,train
2MC5,1121,417,True,2MC5,False,train
2MCH,1141,1973,True,2MCH,False,train
2MCK,946,0,True,2MCH,False,train
2MH8,775,0,True,1EM7,True,quarantined
2MI6,1019,400,True,1PSE,False,val
2MKX,1774,0,True,2MKX,False,test
2MKY,1010,991,True,2MKY,False,train
2MLB,1325,0,True,1SF0,True,quarantined
2MW9,665,117,True,1E0L,True,quarantined
2MWA,655,130,True,1E0L,True,quarantined
2MWB,672,249,True,1E0L,True,quarantined
2MXD,993,4613,True,2MXD,False,train
2MYX,954,695,True,2MYX,False,val
2N4R,653,140,True,1E0L,True,quarantined
2N88,887,772,True,2K1B,False,train
2O2W,1210,383,True,1A0N,True,quarantined
2OCH,1072,1333,True,2LGW,False,train
2OP7,684,529,True,1E0L,True,quarantined
2PTL,2334,0,True,2PTL,True,quarantined
2QFF,1212,0,True,2QFF,False,train
2RJV,1186,705,True,1VII,True,quarantined
2ROT,2556,0,True,1A0N,True,quarantined
2RRT,1270,730,True,2AMI,True,quarantined
2RRU,707,0,True,2RRU,False,val
2RU9,1124,353,True,2RU9,False,train
2WNM,1047,0,True,2WNM,False,val
2WQG,653,697,True,2WQG,True,quarantined
2WXC,782,141,True,1W4F,True,quarantined
2YSB,678,322,True,1E0L,True,quarantined
2YSF,534,1133,True,1E0L,True,quarantined
2ZW1,2122,0,True,1EM7,True,quarantined
3CQT,1050,0,True,1A0N,True,quarantined
3DKM,1234,4920,True,3DKM,False,train
3I35,1045,2306,True,1A0N,True,quarantined
3L1X,1107,2809,True,3L1X,False,train
3MYC,1163,685,True,1VII,True,quarantined
3V1A,829,0,True,3V1A,False,train
3ZGK,1301,2648,True,2LC2,False,train
4C26,1155,1733,True,4C26,False,train
4G3O,803,2399,True,2LVN,False,train
4HCK,1034,1133,True,1A0N,True,quarantined
4UZW,769,1359,True,2WQG,True,quarantined
5AHT,555,54,True,1E0L,True,quarantined
5ECA,2231,0,True,1A0N,True,quarantined
5FWB,2257,0,True,1A0N,True,quarantined
5GU9,2412,0,True,5GU9,False,train
5JRT,1118,400,True,5JRT,False,train
5KPH,1287,746,True,5KPH,False,train
5LXJ,851,0,True,2K9D,False,train
5OAO,985,328,True,5OAO,False,val
5UBS,1025,484,True,1EM7,True,quarantined
5UCE,987,948,True,1EM7,True,quarantined
5UP5,649,751,True,5UP5,False,train
5UYO,751,0,True,5UYO,False,val
5VNT,1146,3703,True,1VII,True,quarantined
5XR0,650,0,True,1OPS,True,quarantined
5Z2S,645,110,True,1ENH,False,train
6ACV,1152,1072,True,6ACV,True,quarantined
6EWS,1031,366,True,6EWS,False,train
6EWT,1020,397,True,6EWS,False,train
6EWU,1005,922,True,6EWS,False,train
6FVC,777,0,True,1ENH,False,train
6IWS,1151,1705,True,2LGW,False,train
6M3N,1215,2799,True,6M3N,False,test
6NMW,1014,1244,True,1A0N,True,quarantined
6NS8,1304,0,True,6NS8,False,test
6OBK,698,0,True,6OBK,False,test
6SCW,1047,310,True,1A0N,True,quarantined
6SOW,935,0,True,1LP1,True,quarantined
6YSE,564,0,True,6YSE,False,train
7BPM,1300,1584,True,7BPM,False,train
7JJK,1010,0,True,7JJK,True,quarantined
EA_run2_0290_0001,889,0,False,EA_run2_0290_0001,False,train
EA_run2_0325_0005,888,0,False,EA_run2_0290_0001,False,train
EA_run3_0321_0005,891,0,False,EA_run2_0290_0001,False,train
EA_run3_0525_0006,869,0,False,EA_run2_0290_0001,False,train
EA_run3_1140_0005,892,0,False,EA_run2_0290_0001,False,train
EA_run5_0050_0004,889,0,False,EA_run2_0290_0001,False,train
EA_run6_0680_0006,882,0,False,EA_run2_0290_0001,False,train
EA_run6_1429_0006,887,0,False,EA_run2_0290_0001,False,train
EA_run7_1025_0001,883,0,False,EA_run2_0290_0001,False,train
EA_run7_1572_0002,871,0,False,EA_run2_0290_0001,False,train
EEHEE_rd3_0019,739,283,False,5UP5,False,train
EEHEE_rd3_0094,790,0,False,5UP5,False,train
EEHEE_rd3_0130,765,0,False,5UP5,False,train
EEHEE_rd3_0146,785,0,False,5UP5,False,train
EEHEE_rd3_0602,814,0,False,5UP5,False,train
EEHEE_rd3_0657,748,0,False,5UP5,False,train
EEHEE_rd3_0809,689,0,False,5UP5,False,train
EEHEE_rd3_1049,810,0,False,5UP5,False,train
EEHEE_rd3_1367,773,0,False,5UP5,False,train
EEHEE_rd3_1498,801,0,False,5UP5,False,train
EEHEE_rd3_1587,760,0,False,5UP5,False,train
EEHEE_rd3_1615,760,0,False,5UP5,False,train
EEHEE_rd3_1702,813,0,False,5UP5,False,train
EEHEE_rd3_1716,756,0,False,5UP5,False,train
EEHEE_rd3_1810,738,0,False,5UP5,False,train
EEHEE_rd3_1818,789,0,False,5UP5,False,train
EEHEE_rd4_0003,813,0,False,5UP5,False,train
EEHEE_rd4_0005,782,0,False,5UP5,False,train
EEHEE_rd4_0256,810,0,False,5UP5,False,train
EEHEE_rd4_0308,598,0,False,5UP5,False,train
EEHEE_rd4_0363,799,0,False,5UP5,False,train
EEHEE_rd4_0371,813,0,False,5UP5,False,train
EEHEE_rd4_0469,790,0,False,5UP5,False,train
EEHEE_rd4_0470,792,0,False,5UP5,False,train
EEHEE_rd4_0481,805,0,False,5UP5,False,train
EEHEE_rd4_0647,808,0,False,5UP5,False,train
EEHEE_rd4_0763,807,0,False,5UP5,False,train
EEHEE_rd4_0784,734,0,False,5UP5,False,train
EEHEE_rd4_0794,806,0,False,5UP5,False,train
EHEE_rd1_0101,732,0,False,5UP5,False,train
EHEE_rd1_0407,726,0,False,5UP5,False,train
EHEE_rd1_0459,654,0,False,5UP5,False,train
EHEE_rd2_0152,696,1014,False,5UP5,False,train
EHEE_rd2_0191,643,0,False,5UP5,False,train
EHEE_rd2_0196,735,0,False,5UP5,False,train
EHEE_rd2_0372,730,0,False,5UP5,False,train
EHEE_rd2_0487,728,359,False,5UP5,False,train
EHEE_rd2_0601,657,0,False,5UP5,False,train
EHEE_rd2_0751,629,0,False,5UP5,False,train
EHEE_rd2_1106,646,299,False,5UP5,False,train
EHEE_rd2_1257,664,0,False,5UP5,False,train
EHEE_rd3_0035,705,0,False,5UP5,False,train
EHEE_rd3_0053,711,0,False,5UP5,False,train
EHEE_rd4_0044,640,0,False,5UP5,False,train
EHEE_rd4_0086,665,0,False,5UP5,False,train
EHEE_rd4_0098,714,0,False,5UP5,False,train
EHEE_rd4_0172,676,0,False,5UP5,False,train
EHEE_rd4_0195,745,0,False,5UP5,False,train
EHEE_rd4_0325,722,0,False,5UP5,False,train
EHEE_rd4_0394,661,0,False,5UP5,False,train
EHEE_rd4_0463,732,0,False,5UP5,False,train
EHEE_rd4_0502,702,0,False,5UP5,False,train
EHEE_rd4_0625,663,0,False,5UP5,False,train
EHEE_rd4_0726,694,0,False,5UP5,False,train
EHEE_rd4_0840,690,0,False,5UP5,False,train
EHEE_rd4_0864,570,0,False,5UP5,False,train
EHEE_rd4_0877,689,0,False,5UP5,False,train
GG_run1_1390_0006,887,0,False,EA_run2_0290_0001,False,train
GG_run2_0085_0001,885,0,False,EA_run2_0290_0001,False,train
GG_run3_1315_0003,881,0,False,EA_run2_0290_0001,False,train
GG_run3_1365_0003,889,0,False,EA_run2_0290_0001,False,train
GG_run4_0284_0002,886,0,False,EA_run2_0290_0001,False,train
GG_run4_0467_0002,889,0,False,EA_run2_0290_0001,False,train
GG_run4_1050_0002,885,0,False,EA_run2_0290_0001,False,train
GG_run5_0637_0006,885,0,False,EA_run2_0290_0001,False,train
GG_run5_1147_0004,889,0,False,EA_run2_0290_0001,False,train
GG_run5_1309_0004,879,0,False,EA_run2_0290_0001,False,train
GG_run6_0775_0006,887,0,False,EA_run2_0290_0001,False,train
GG_run6_0851_0003,891,0,False,EA_run2_0290_0001,False,train
GG_run6_1310_0004,889,0,False,EA_run2_0290_0001,False,train
HEEH_KT_rd6_0007,796,0,False,5UYO,False,val
HEEH_KT_rd6_0280,798,390,False,HEEH_KT_rd6_0280,False,test
HEEH_KT_rd6_0746,802,0,False,HEEH_KT_rd6_0746,False,test
HEEH_KT_rd6_0790,794,0,False,HEEH_KT_rd6_0790,False,val
HEEH_KT_rd6_0793,791,0,False,5UYO,False,val
HEEH_KT_rd6_0872,786,0,False,HEEH_KT_rd6_0872,False,test
HEEH_KT_rd6_1415,814,0,False,HEEH_KT_rd6_1415,False,test
HEEH_KT_rd6_3546,798,0,False,HEEH_KT_rd6_3546,False,test
HEEH_KT_rd6_3632,793,0,False,HEEH_KT_rd6_3632,False,test
HEEH_rd3_0055,794,0,False,5UYO,False,val
HEEH_rd3_0223,765,0,False,5UYO,False,val
HEEH_rd4_0094,801,0,False,HEEH_rd4_0094,False,test
HEEH_rd4_0097,812,0,False,5UYO,False,val
HEEH_rd4_0349,806,0,False,5UYO,False,val
HHH_rd1_0142,799,0,False,HHH_rd1_0142,False,train
HHH_rd1_0244,766,351,False,HHH_rd1_0142,False,train
HHH_rd1_0335,810,0,False,HHH_rd1_0335,False,test
HHH_rd1_0473,802,0,False,HHH_rd1_0142,False,train
HHH_rd1_0493,808,1063,False,HHH_rd1_0142,False,train
HHH_rd1_0516,792,0,False,HHH_rd1_0142,False,train
HHH_rd1_0578,789,0,False,HHH_rd1_0578,False,test
HHH_rd1_0598,782,0,False,HHH_rd1_0142,False,train
HHH_rd1_0606,797,0,False,HHH_rd1_0606,False,test
HHH_rd1_0949,785,379,False,HHH_rd1_0142,False,train
HHH_rd2_0155,790,0,False,HHH_rd1_0142,False,train
HHH_rd2_0181,810,0,False,HHH_rd1_0142,False,train
HHH_rd4_0124,803,0,False,HHH_rd1_0142,False,train
HHH_rd4_0395,774,395,False,HHH_rd1_0142,False,train
HHH_rd4_0557,796,0,False,HHH_rd1_0142,False,train
HHH_rd4_0613,770,0,False,HHH_rd1_0142,False,train
HHH_rd4_0676,804,383,False,HHH_rd4_0676,False,test
HHH_rd4_0816,732,0,False,HHH_rd4_0816,False,test
HHH_rd4_0870,805,0,False,HHH_rd4_0870,False,val
XX_run10_1081_0004,890,0,False,EA_run2_0290_0001,False,train
XX_run1_0254_0003,880,0,False,EA_run2_0290_0001,False,train
XX_run1_0367_0004,889,0,False,EA_run2_0290_0001,False,train
XX_run1_0455_0002,883,0,False,EA_run2_0290_0001,False,train
XX_run1_0461_0006,890,0,False,EA_run2_0290_0001,False,train
XX_run3_1384_0005,889,0,False,EA_run2_0290_0001,False,train
XX_run5_0690_0002,889,0,False,XX_run5_0690_0002,False,val
XX_run5_1034_0004,878,0,False,EA_run2_0290_0001,False,train
XX_run6_1020_0004,889,0,False,EA_run2_0290_0001,False,train
XX_run6_1081_0004,882,0,False,EA_run2_0290_0001,False,train
XX_run7_0974_0003,858,0,False,EA_run2_0290_0001,False,train
XX_run8_0733_0006,887,0,False,EA_run2_0290_0001,False,train
XX_run8_1063_0003,878,0,False,EA_run2_0290_0001,False,train
XX_run8_1098_0003,885,0,False,EA_run2_0290_0001,False,train
r10_437_TrROS_Hall,876,0,False,r10_437_TrROS_Hall,False,val
r10_490_TrROS_Hall,883,0,False,r10_490_TrROS_Hall,False,val
r10_572_TrROS_Hall,883,0,False,5UP5,False,train
r11_1081_TrROS_Hall,893,0,False,r11_1081_TrROS_Hall,False,test
r11_233_TrROS_Hall,926,0,False,r11_233_TrROS_Hall,False,test
r11_569_TrROS_Hall,914,0,False,r10_437_TrROS_Hall,False,val
r11_797_TrROS_Hall,926,0,False,5UP5,False,train
r11_829_TrROS_Hall,923,0,False,r11_829_TrROS_Hall,False,val
r11_951_TrROS_Hall,921,0,False,5UP5,False,train
r12_757_TrROS_Hall,977,0,False,r11_1081_TrROS_Hall,False,test
r15_550_TrROS_Hall,1123,0,False,5UP5,False,train
r16_88_TrROS_Hall,1185,0,False,5UP5,False,train
r18_3_TrROS_Hall,985,0,False,r11_1081_TrROS_Hall,False,test
r3_162_TrROS_Hall,957,0,False,r3_162_TrROS_Hall,False,val
r4_412_TrROS_Hall,865,0,False,5UP5,False,train
r4_43_TrROS_Hall,861,0,False,r4_43_TrROS_Hall,False,test
r6_560_TrROS_Hall,1050,0,False,r6_560_TrROS_Hall,False,test
r6_831_TrROS_Hall,1054,0,False,r6_831_TrROS_Hall,False,val
r7_587_TrROS_Hall,892,0,False,r7_587_TrROS_Hall,False,test
v2K43S_2KVV,1002,0,False,v2K43S_2KVV,False,val
v2R14S_R16S_2L3X,1236,0,False,1VII,True,quarantined
v2R31S_R32S_2N5D,1304,0,False,v2R31S_R32S_2N5D,False,test
v2_2HDZ,886,0,True,v2_2HDZ,False,train
v2_2LC2,1060,0,True,2LC2,False,train
v2_2LDM,965,0,True,v2_2LDM,False,test
v2_2LXE,997,0,True,v2_2LXE,False,train
v2_2M5A,1044,0,True,1LP1,True,quarantined
v2_4UZX,1094,0,True,v2_4UZX,False,test
v2_6IVS,904,0,True,v2_6IVS,False,train
